"","c...HQ433692.1.Borrelia.burgdorferi.strain.QLZP1.16S.ribosomal.RNA.gene..partial.sequence.nAGCATGCAAGTCAAACGAGATGTAGCAATACATCTAGTGGCGAACGGGTGAGTAACGCGTGGATGATCTA.nCCTATGAGATGGGGATAACTATTAGAAATAGTAGCTAATACCGAATAAGGTCAATTAATTTGTTAATTGA.nTGAAAGGAAGCCTTTAAAGCTTCGCTTGTAGATGAGTCTGCGTCTTATTAGTTAGTTGGTAGGGTAAATG.nCCTACCAAGGCGATGATAAGTAACCGGCCTGAGAGGGTGAACGGTCACACTGGAACTGAGACACGGTCCA.nGACTCCTACGGGAGGCAGCAGCTAAGAATCTTCCGCAATGGGCGAAAGCCTGACGGAGCGACACTGCGTG.nAATGAAGAAGGTCGAAAGATTGTAAAATTCTTTTATAAATGAGGAATAAGCTTTGTAGGAAATGACGAAG.nTGATGACGTTAATTTATGAATAAGCCCCGGCTAATTACGTGCCAGCAGCCGCGGTAATACG..."
"1",">HQ433692.1 Borrelia burgdorferi strain QLZP1 16S ribosomal RNA gene, partial sequence
AGCATGCAAGTCAAACGAGATGTAGCAATACATCTAGTGGCGAACGGGTGAGTAACGCGTGGATGATCTA
CCTATGAGATGGGGATAACTATTAGAAATAGTAGCTAATACCGAATAAGGTCAATTAATTTGTTAATTGA
TGAAAGGAAGCCTTTAAAGCTTCGCTTGTAGATGAGTCTGCGTCTTATTAGTTAGTTGGTAGGGTAAATG
CCTACCAAGGCGATGATAAGTAACCGGCCTGAGAGGGTGAACGGTCACACTGGAACTGAGACACGGTCCA
GACTCCTACGGGAGGCAGCAGCTAAGAATCTTCCGCAATGGGCGAAAGCCTGACGGAGCGACACTGCGTG
AATGAAGAAGGTCGAAAGATTGTAAAATTCTTTTATAAATGAGGAATAAGCTTTGTAGGAAATGACGAAG
TGATGACGTTAATTTATGAATAAGCCCCGGCTAATTACGTGCCAGCAGCCGCGGTAATACG"
"2",">HQ433694.1 Borrelia burgdorferi strain CS4 16S ribosomal RNA gene, partial sequence
AGCATGCAAGTCAAACGGGATGTAGCAATACATTCAGTGGCGAACGGGTGAGTAACGCGTGGATGATCTA
CCTATGAGATGGGGATAACTATTAGAAATAGTAGCTAATACCGAATAAGGTCAGTTAATTTGTTAATTGA
TGAAAGGAAGCCTTTAAAGCTTCGCTTGTAGATGAGTCTGCGTCTTATTAGCTAGTTGGTAGGGTAAATG
CCTACCAAGGCAATGATAAGTAACCGGCCTGAGAGGGTGAACGGTCACACTGGAACTGAGATACGGTCCA
GACTCCTACGGGAGGCAGCAGCTAAGAATCTTCCGCAATGGGCGAAAGCCTGACGGAGCGACACTGCGTG
AATGAAGAAGGTCGAAAGATTGTAAAATTCTTTTATAAATGAGGAATAAGCTTTGTAGGAAATGACAAAG
TGATGACGTTAATTTATGAATAAGCCCCGGCTAATTACGTGCCAGCAGCAGCGGTAATACG"
"3",">HQ433691.1 Borrelia burgdorferi strain GL18 16S ribosomal RNA gene, partial sequence
AGCATGCAAGTCAAACGAGATGTAGTAATACATCTAGTGGCGAACGGGTGAGTAACGCGTGGATGATCTA
CCTATGAGATGGGGATAACTATTAGAAATAGTAGCTAATACCGAATAAGGTCAATTAATTTGTTAATTGA
TGAAAGGAAGCCTTTAAAGCTTCGCTTGTAGATGAGTCTGCGTCTTATTAGTTAGTTGGTAGGGTAAATG
CCTACCAAGGCGATGATAAGTAACCGGCCTGAGAGGGTGAACGGTCACACTGGAACTGAGACACGGTCCA
GACTCCTACGGGAGGCAGCAGCTAAGAATCTTCCGCAATGGGCGAAAGCCTGACGGAGCGACACTGCGTG
AATGAAGAAGGTCGAAAGATTGTAAAATTCTTTTATAAATGAGGAATAAGCTTTGTAGGAAATGACGAAG
TGATGACGTTAATTTATGAATAAGCCCCGGCTAATTACGTGCCAGCAGCCGCGGTAATACG"
